30-01-2017,-100,Deliveroo
30-01-2017,-50,Tesco
01-02-2017,6000,Salary
02-02-2017,2000,Royalties
02-02-2017,-4000,Rent
03-02-2017,3000,Tesco
05-02-2017,-30,Cinema
-12-2018,-2060,Dd's Discounts
07-06-2018,4267,Fred Meyer
20-09-2020,3806,Burlington
24-10-2017,5476,Burlington
16-07-2018,-1712,National Stores
07-04-2019,-4492,Big Lots
31-01-2019,-3455,Meijer
07-01-2017,4578,"Mack & Dave's Department Store (Huntington, West Virginia)"
25-11-2019,-3377,"Flemington Department Store (Flemington, New Jersey)"
15-08-2020,5621,"David M. Brian (Walnut Creek and Greenbrae, California) owned by McCaulou's"
21-03-2020,3617,Roses
04-10-2020,6782,Dd's Discounts
26-01-2017,-2076,Nichols Stores (northern and western Louisiana)
25-09-2019,-4854,Dd's Discounts
25-05-2017,1359,"La Epoca (Miami, Florida)"
28-06-2017,6783,Bargain Hunt
06-05-2020,5788,Ben Franklin
01-12-2019,-2476,Bi-Mart
14-02-2017,581,"Jos. Kuhn & Co. (Champaign, Illinois)"
29-03-2017,2386,"Gus Mayer (Birmingham, Alabama and Nashville, Tennessee)"
02-01-2019,5665,Christmas Tree Shops
08-12-2020,-1888,Five Below
19-09-2017,-2852,Roses
08-09-2019,604,National Stores
01-03-2019,4136,Ben Franklin
17-10-2018,-3868,Renys
10-05-2017,179,Dirt Cheap
07-08-2018,-3629,Ross Stores
03-04-2019,4188,The SM Store (Guam — part of a Philippine chain)
27-01-2018,6700,"Jos. Kuhn & Co. (Champaign, Illinois)"
01-09-2020,2787,The SM Store (Guam — part of a Philippine chain)
30-03-2018,564,Meijer
10-03-2019,5173,Bi-Mart
26-01-2018,1774,Nichols Stores (northern and western Louisiana)
16-09-2019,-2278,"Jos. Kuhn & Co. (Champaign, Illinois)"
14-03-2020,-4241,Dollar General
09-06-2019,3611,"McCaulou's Department Store (Lafayette, California)"
09-04-2018,2443,Sam's Club
14-12-2020,1009,"Neilson's (Oxford, Mississippi)"
09-08-2020,-2799,"McCaulou's Department Store (Lafayette, California)"
30-04-2018,5709,Family Dollar
29-11-2020,-4734,Walmart
10-08-2019,5611,Renys
29-03-2019,2023,"Young's Department Store (Middle River, Minnesota)"
23-02-2017,1026,Sam's Club
22-12-2018,2103,Ocean State Job Lot
04-09-2018,3046,Dollar General
03-04-2019,3371,"Ruben's (Augusta, Georgia)"
20-09-2018,1129,"Stahlke's (Mora, Minnesota)"
17-09-2018,-1156,"Wakefield's (Anniston, Alabama)"
22-12-2019,-4066,Ross Stores
05-11-2018,3245,"Wakefield's (Anniston, Alabama)"
04-10-2017,-644,Dollar General
17-09-2019,-3524,Marshalls
20-12-2019,-3160,Gabe's
18-07-2020,2415,Costco
04-10-2019,4572,"Leader Department Store (Cambridge, Minnesota)"
25-06-2020,-4974,"Weaver's (Lawrence, Kansas)"
15-01-2017,1234,"Leader Department Store (Cambridge, Minnesota)"
30-11-2017,5033,National Stores
01-07-2017,1102,"Neighborhood Goods (Plano, Austin in Texas; Chelsea Market, New York City)"
12-04-2020,-4873,"Fords Federated Store (Hamilton, Montana)"
09-06-2020,-4226,Bargain Hunt
13-02-2018,6863,Walmart
16-01-2017,3382,Shirokiya (Honolulu)
03-12-2017,2602,Costco
05-10-2017,579,Boyds (Philadelphia)
21-07-2018,1360,Gabe's
23-07-2017,1807,Roses
08-04-2019,-4798,"Flemington Department Store (Flemington, New Jersey)"
24-02-2020,-2044,T.J. Maxx
26-10-2019,1463,Fred Meyer
27-01-2018,195,"Schroeder's (Two Rivers, Wisconsin)"
19-01-2018,4881,"Jos. Kuhn & Co. (Champaign, Illinois)"
03-07-2019,5878,Christmas Tree Shops
20-01-2017,-4931,"Gus Mayer (Birmingham, Alabama and Nashville, Tennessee)"
12-12-2019,3099,Burlington
20-04-2020,-2268,Bargain Hunt
23-09-2019,5183,Walmart
16-01-2018,6087,Stanley Korshak (Dallas)
27-06-2017,-403,"Schroeder's (Two Rivers, Wisconsin)"
05-09-2020,-318,"Neilson's (Oxford, Mississippi)"
09-01-2019,-3307,"Halls (Kansas City, Missouri)"
06-06-2017,4568,Gabe's
17-12-2017,-1929,Sam's Club
01-02-2018,3856,Nichols Stores (northern and western Louisiana)
21-03-2018,-2510,Burlington
24-01-2020,-2794,The SM Store (Guam — part of a Philippine chain)
12-02-2019,-3070,"McCaulou's Department Store (Lafayette, California)"
05-05-2018,5896,Target
11-07-2018,-862,"La Epoca (Miami, Florida)"
03-04-2018,-254,Dd's Discounts
03-01-2020,-3145,Walmart
04-02-2018,64,"Dunham's Department Store (Wellsboro, Pennsylvania)"
30-04-2017,-2733,T.J. Maxx
30-03-2018,-4574,National Stores
22-11-2020,-3920,National Stores
10-04-2018,418,"Loeb's (Meridian, Mississippi)"
23-06-2019,4670,Dirt Cheap
06-10-2020,-1592,"Schroeder's (Two Rivers, Wisconsin)"
28-07-2018,772,Nichols Stores (northern and western Louisiana)
30-10-2017,3263,"Getz's (Marquette, Michigan)"
03-07-2020,-4471,"Halls (Kansas City, Missouri)"
02-05-2017,2585,The SM Store (Guam — part of a Philippine chain)
12-12-2019,6750,National Stores
25-03-2019,2886,Sam's Club
31-05-2018,5609,The SM Store (Guam — part of a Philippine chain)
23-12-2018,4343,"Neilson's (Oxford, Mississippi)"
21-03-2017,681,"Stahlke's (Mora, Minnesota)"
03-05-2017,-2244,Boyds (Philadelphia)
15-11-2017,6060,Bi-Mart
04-12-2018,6439,"Neilson's (Oxford, Mississippi)"
10-03-2018,3814,Ross Stores
28-02-2017,4239,"Getz's (Marquette, Michigan)"
17-07-2018,-3083,Sam's Club
16-08-2019,-3141,Sam's Club
07-10-2020,1954,"Rubensteins (formerly Rubenstein Brothers) (New Orleans, Louisiana)"
24-02-2020,-1945,T.J. Maxx
13-06-2018,2346,"Dunham's Department Store (Wellsboro, Pennsylvania)"
27-10-2019,-1141,Renys
05-02-2019,5943,Dollar Tree
05-05-2018,-3246,"Getz's (Marquette, Michigan)"
14-07-2018,-3573,Harbor Freight Tools
17-02-2019,-2058,"Neilson's (Oxford, Mississippi)"
24-11-2018,-256,Target
27-02-2020,-246,Burlington
09-02-2020,906,"Stahlke's (Mora, Minnesota)"
23-11-2018,1858,Ollie's Bargain Outlet
02-03-2019,2611,Bi-Mart
27-05-2019,5514,"Stahlke's (Mora, Minnesota)"
02-05-2020,-3100,Ross Stores
13-10-2017,-464,"Getz's (Marquette, Michigan)"
17-08-2017,-2222,"Ruben's (Augusta, Georgia)"
23-09-2019,-1553,National Stores
07-12-2017,1367,"Halls (Kansas City, Missouri)"
27-04-2020,-1173,Sam's Club
21-12-2020,-560,Renys
06-03-2017,652,"Loeb's (Meridian, Mississippi)"
04-11-2020,594,"Neighborhood Goods (Plano, Austin in Texas; Chelsea Market, New York City)"
02-09-2019,239,Boyds (Philadelphia)
12-06-2020,-135,Ben Franklin
28-04-2019,3978,"Fords Federated Store (Hamilton, Montana)"
30-09-2020,191,The SM Store (Guam — part of a Philippine chain)
06-10-2020,5948,"David M. Brian (Walnut Creek and Greenbrae, California) owned by McCaulou's"
01-11-2018,2567,Dirt Cheap
30-04-2017,1530,"Halls (Kansas City, Missouri)"
06-08-2020,-2237,HomeGoods
23-01-2019,2586,Renys
28-12-2020,5142,"Scott Seale's Rask Fine Jewelry and MAX Clothing Stores (Denver, Colorado)"
01-04-2020,521,Roses
14-04-2018,5737,"David M. Brian (Walnut Creek and Greenbrae, California) owned by McCaulou's"
11-05-2019,4720,Ross Stores
28-06-2018,2010,Walmart
28-11-2019,6320,"Mack & Dave's Department Store (Huntington, West Virginia)"
20-03-2018,6253,Ollie's Bargain Outlet
11-01-2019,-419,"Ruben's (Augusta, Georgia)"
03-01-2018,4388,"Fords Federated Store (Hamilton, Montana)"
15-04-2020,-1037,BJ's Wholesale Club
05-12-2020,-2228,"Flemington Department Store (Flemington, New Jersey)"
22-01-2019,1930,Meijer
31-10-2018,3231,Dd's Discounts
11-04-2018,6765,"Leader Department Store (Cambridge, Minnesota)"
24-03-2019,1447,Five Below
11-02-2020,46,T.J. Maxx
18-02-2020,6189,"Murphy's (Stillwater, Oklahoma)"
07-09-2017,-1953,HomeGoods
23-02-2020,-3028,"Scott Seale's Rask Fine Jewelry and MAX Clothing Stores (Denver, Colorado)"
08-11-2019,3145,Meijer
16-08-2017,-4782,"Mack & Dave's Department Store (Huntington, West Virginia)"
15-09-2019,4939,Target
17-07-2019,-4748,HomeGoods
02-06-2017,-3254,Ocean State Job Lot
24-05-2018,2310,"Weaver's (Lawrence, Kansas)"
09-08-2019,-4789,"Neilson's (Oxford, Mississippi)"
21-04-2018,-1013,"Rubensteins (formerly Rubenstein Brothers) (New Orleans, Louisiana)"
27-04-2019,5957,"Neilson's (Oxford, Mississippi)"
31-12-2019,-3857,BJ's Wholesale Club
14-07-2018,1804,Bargain Hunt
07-11-2019,2195,Target
27-10-2020,-2046,"Young's Department Store (Middle River, Minnesota)"
21-01-2020,5706,Gabe's
31-12-2018,5944,"Flemington Department Store (Flemington, New Jersey)"
03-07-2020,906,"Young's Department Store (Middle River, Minnesota)"
22-02-2020,2170,"Wakefield's (Anniston, Alabama)"
15-10-2018,85,Stanley Korshak (Dallas)
12-06-2018,697,"Weaver's (Lawrence, Kansas)"
27-01-2018,6852,National Stores
09-05-2018,3052,"Tomah Cash Mercantile (Tomah, Wisconsin)"
22-03-2018,-3087,Family Dollar
02-04-2018,2363,BJ's Wholesale Club
13-04-2020,6534,Big Lots
02-12-2018,1834,"Neilson's (Oxford, Mississippi)"
22-06-2020,4254,"Fords Federated Store (Hamilton, Montana)"
27-10-2019,-3858,Stanley Korshak (Dallas)
11-01-2018,-922,"La Epoca (Miami, Florida)"
24-05-2018,1393,Dd's Discounts
02-12-2017,2531,Bargain Hunt
24-03-2017,-291,Marshalls
25-10-2019,4894,Nichols Stores (northern and western Louisiana)
04-12-2018,2852,Bargain Hunt
26-09-2017,-476,Fred Meyer
29-08-2019,3553,BJ's Wholesale Club
17-12-2019,-782,Bargain Hunt
15-08-2017,1470,"Loeb's (Meridian, Mississippi)"
06-05-2020,-4603,"Fords Federated Store (Hamilton, Montana)"
23-03-2018,-3778,Gabe's
11-08-2019,4701,"Stahlke's (Mora, Minnesota)"
09-10-2018,5276,Treasure Hunt
21-03-2018,-1813,"Ruben's (Augusta, Georgia)"
31-05-2019,5622,"La Epoca (Miami, Florida)"
13-09-2018,-4480,Harbor Freight Tools
19-12-2020,-3448,"Murphy's (Stillwater, Oklahoma)"
27-05-2017,5461,HomeGoods
01-06-2020,962,"Tomah Cash Mercantile (Tomah, Wisconsin)"
26-04-2018,-3689,"Dunham's Department Store (Wellsboro, Pennsylvania)"
03-09-2019,3604,"Reed's (Columbus, Starkville and Tupelo, Mississippi)"
12-01-2017,6379,Roses
30-04-2019,1838,Dirt Cheap
05-11-2020,-4103,Family Dollar
13-11-2019,5995,Roses
04-03-2020,-4960,Fred Meyer
10-11-2018,-4712,"La Epoca (Miami, Florida)"
28-03-2018,2302,Bi-Mart
23-09-2017,4617,"David M. Brian (Walnut Creek and Greenbrae, California) owned by McCaulou's"
14-01-2017,5706,"Jos. Kuhn & Co. (Champaign, Illinois)"
08-08-2019,-2115,"Gus Mayer (Birmingham, Alabama and Nashville, Tennessee)"
28-05-2018,6998,Shirokiya (Honolulu)
29-12-2019,5337,Target
14-04-2017,5717,"Fords Federated Store (Hamilton, Montana)"
12-03-2019,4807,Sam's Club
13-03-2020,2581,Bargain Hunt
30-03-2017,-934,Dollar General
14-08-2017,-654,Fred Meyer
22-04-2020,-2836,"Fords Federated Store (Hamilton, Montana)"
16-09-2017,5550,"Rubensteins (formerly Rubenstein Brothers) (New Orleans, Louisiana)"
26-10-2018,1435,"Ruben's (Augusta, Georgia)"
11-04-2017,-990,Target
25-07-2017,-4117,The SM Store (Guam — part of a Philippine chain)
03-01-2020,-1109,T.J. Maxx
20-10-2018,6848,Ben Franklin
16-10-2019,6394,"Reed's (Columbus, Starkville and Tupelo, Mississippi)"
27-11-2017,6338,"La Epoca (Miami, Florida)"
22-06-2019,1470,"Ruben's (Augusta, Georgia)"
02-03-2018,-294,Five Below
12-02-2020,2885,"Dunham's Department Store (Wellsboro, Pennsylvania)"
01-05-2019,379,"La Epoca (Miami, Florida)"
04-12-2018,3291,"Halls (Kansas City, Missouri)"
16-11-2020,4203,Christmas Tree Shops
22-07-2020,3860,Dollar Tree
25-02-2020,1253,"Reed's (Columbus, Starkville and Tupelo, Mississippi)"
22-02-2019,-364,Ben Franklin
31-12-2017,2563,"Rubensteins (formerly Rubenstein Brothers) (New Orleans, Louisiana)"
13-03-2018,-3814,"Fords Federated Store (Hamilton, Montana)"
12-06-2018,-4065,Family Dollar
08-09-2017,145,HomeSense
28-09-2017,6974,"Flemington Department Store (Flemington, New Jersey)"
19-01-2020,-807,T.J. Maxx
30-12-2019,1268,Christmas Tree Shops
19-02-2020,-3475,National Stores
26-10-2020,4014,Meijer
15-08-2020,6324,"LaVogue Department Store (Hoquiam, Washington)"
02-02-2017,4136,Target
27-11-2017,6178,Marshalls
31-12-2020,-165,Renys
25-01-2017,3906,Treasure Hunt
03-04-2019,-2623,"Mack & Dave's Department Store (Huntington, West Virginia)"
07-04-2018,6650,HomeGoods
16-12-2019,4227,"Weaver's (Lawrence, Kansas)"
21-07-2017,-1700,Target
03-05-2017,6828,"Leader Department Store (Cambridge, Minnesota)"
29-01-2017,5039,Costco
07-01-2019,210,"La Epoca (Miami, Florida)"
25-06-2017,-3772,"McCaulou's Department Store (Lafayette, California)"
01-01-2018,5631,Sam's Club
05-01-2018,6725,HomeSense
03-07-2019,-3893,Ollie's Bargain Outlet
20-07-2020,474,Harbor Freight Tools
14-12-2020,2446,Christmas Tree Shops
15-02-2018,1099,Boyds (Philadelphia)
06-01-2019,5813,"Fords Federated Store (Hamilton, Montana)"
21-11-2017,2953,Sam's Club
04-05-2017,3029,Fred Meyer
11-05-2017,-2529,"Fords Federated Store (Hamilton, Montana)"
26-10-2019,-2259,HomeGoods
28-10-2018,3574,Bargain Hunt
01-08-2020,-1259,Shirokiya (Honolulu)
08-09-2017,-362,Tuesday Morning
08-08-2020,3396,"Rubensteins (formerly Rubenstein Brothers) (New Orleans, Louisiana)"
15-02-2020,6010,"Rubensteins (formerly Rubenstein Brothers) (New Orleans, Louisiana)"
01-06-2019,-975,Target
09-02-2020,5491,Stanley Korshak (Dallas)
11-11-2020,-4416,Christmas Tree Shops
21-06-2019,3494,"LaVogue Department Store (Hoquiam, Washington)"
31-08-2018,-4317,BJ's Wholesale Club
17-02-2019,3620,Dd's Discounts
30-06-2019,-157,Stanley Korshak (Dallas)
28-06-2018,5521,Ben Franklin
08-02-2020,-3337,Stanley Korshak (Dallas)
02-03-2018,3415,"Wakefield's (Anniston, Alabama)"
11-05-2017,3121,"Stahlke's (Mora, Minnesota)"
30-03-2018,1307,"Young's Department Store (Middle River, Minnesota)"
19-09-2017,5699,Dollar Tree
23-07-2018,-601,Gabe's
20-05-2017,-2823,Ben Franklin
17-06-2018,-3677,Roses
17-12-2020,1467,"Weaver's (Lawrence, Kansas)"
23-02-2020,3358,Burlington
01-07-2017,-3697,"Scott Seale's Rask Fine Jewelry and MAX Clothing Stores (Denver, Colorado)"
07-11-2019,1738,"LaVogue Department Store (Hoquiam, Washington)"
14-04-2017,-2999,HomeGoods
31-10-2018,5619,Walmart
14-05-2018,-1858,Sam's Club
23-01-2020,-833,Big Lots
08-04-2017,6401,Tuesday Morning
04-04-2017,-3689,BJ's Wholesale Club
21-09-2017,-1526,"Gus Mayer (Birmingham, Alabama and Nashville, Tennessee)"
07-01-2020,2270,"La Epoca (Miami, Florida)"
13-02-2018,-4352,"Tomah Cash Mercantile (Tomah, Wisconsin)"
16-02-2019,-4687,"McCaulou's Department Store (Lafayette, California)"
18-04-2017,2941,"Ruben's (Augusta, Georgia)"
26-10-2017,4204,"Flemington Department Store (Flemington, New Jersey)"
09-09-2018,4704,HomeSense
24-01-2018,-4301,Ben Franklin
22-07-2019,1981,"Dunham's Department Store (Wellsboro, Pennsylvania)"
11-04-2019,-299,T.J. Maxx
14-06-2020,5961,Marshalls
03-03-2019,4965,Stanley Korshak (Dallas)
10-01-2019,790,"Weaver's (Lawrence, Kansas)"
23-10-2019,6789,The SM Store (Guam — part of a Philippine chain)
09-07-2019,-1998,"Mack & Dave's Department Store (Huntington, West Virginia)"
20-10-2017,-2698,"Tomah Cash Mercantile (Tomah, Wisconsin)"
23-08-2017,-2566,"Wakefield's (Anniston, Alabama)"
27-11-2017,-4936,"Schroeder's (Two Rivers, Wisconsin)"
05-08-2017,3955,"Mack & Dave's Department Store (Huntington, West Virginia)"
11-09-2017,3941,Dollar General
07-05-2019,-1701,"David M. Brian (Walnut Creek and Greenbrae, California) owned by McCaulou's"
26-02-2017,6959,"Loeb's (Meridian, Mississippi)"
30-12-2019,1798,Five Below
27-04-2019,-153,Dollar General
23-01-2019,-2188,HomeSense
06-03-2020,295,Bargain Hunt
20-08-2020,-1336,"LaVogue Department Store (Hoquiam, Washington)"
29-05-2019,-4969,Five Below
11-06-2020,276,Renys
25-09-2017,-2881,"Stahlke's (Mora, Minnesota)"
08-07-2020,-1444,Treasure Hunt
04-09-2020,3900,"Neilson's (Oxford, Mississippi)"
09-06-2017,-440,The SM Store (Guam — part of a Philippine chain)
12-03-2017,2039,Tuesday Morning
19-04-2020,-2640,"David M. Brian (Walnut Creek and Greenbrae, California) owned by McCaulou's"
08-04-2017,2445,"Halls (Kansas City, Missouri)"
25-05-2020,5675,Five Below
03-07-2018,1572,Roses
14-04-2018,5148,Treasure Hunt
23-09-2019,220,Family Dollar
22-07-2017,-3223,"Young's Department Store (Middle River, Minnesota)"
20-09-2017,2489,"Leader Department Store (Cambridge, Minnesota)"
27-05-2017,-2127,Renys
02-10-2017,-960,"Murphy's (Stillwater, Oklahoma)"
26-11-2018,740,Meijer
12-07-2018,2398,"Tomah Cash Mercantile (Tomah, Wisconsin)"
20-06-2019,5930,"Scott Seale's Rask Fine Jewelry and MAX Clothing Stores (Denver, Colorado)"
02-05-2018,4224,Meijer
22-04-2018,2303,"La Epoca (Miami, Florida)"
14-01-2019,859,Ollie's Bargain Outlet
23-05-2020,1805,Renys
29-07-2017,4240,"Getz's (Marquette, Michigan)"
10-07-2020,-2414,HomeGoods
18-11-2017,6240,"Jos. Kuhn & Co. (Champaign, Illinois)"
20-04-2018,-4354,"Stahlke's (Mora, Minnesota)"
14-05-2018,5678,"David M. Brian (Walnut Creek and Greenbrae, California) owned by McCaulou's"
28-11-2017,1809,Ocean State Job Lot
22-01-2020,4068,Nichols Stores (northern and western Louisiana)
30-08-2017,4802,Ocean State Job Lot
09-12-2018,1429,Five Below
09-11-2020,-2490,Target
23-09-2017,3587,Tuesday Morning
10-10-2018,-1170,"Leader Department Store (Cambridge, Minnesota)"
07-01-2018,4552,"Loeb's (Meridian, Mississippi)"
25-09-2017,-3061,Tuesday Morning
10-04-2019,-1346,"Schroeder's (Two Rivers, Wisconsin)"
17-11-2017,-17,Ross Stores
04-04-2019,2317,"Reed's (Columbus, Starkville and Tupelo, Mississippi)"
14-11-2019,-2305,Boyds (Philadelphia)
05-10-2020,-392,"Getz's (Marquette, Michigan)"
22-11-2018,-135,Marshalls
24-02-2018,4859,Ben Franklin
12-02-2019,-2797,Meijer
15-11-2017,-1360,Christmas Tree Shops
26-01-2017,-4414,"Young's Department Store (Middle River, Minnesota)"
26-08-2017,-3429,"Leader Department Store (Cambridge, Minnesota)"
19-08-2018,1413,"Gus Mayer (Birmingham, Alabama and Nashville, Tennessee)"
16-11-2018,2370,Gabe's
27-01-2019,3024,National Stores
22-07-2020,-4519,"Wakefield's (Anniston, Alabama)"
03-09-2018,-843,Ollie's Bargain Outlet
28-12-2017,1697,Meijer
26-02-2020,1880,"Scott Seale's Rask Fine Jewelry and MAX Clothing Stores (Denver, Colorado)"
25-03-2017,4271,Costco
07-01-2018,-3254,T.J. Maxx
24-05-2017,6683,"Dunham's Department Store (Wellsboro, Pennsylvania)"
23-07-2019,2437,"Fords Federated Store (Hamilton, Montana)"
10-03-2019,5774,Target
21-07-2019,1925,BJ's Wholesale Club
14-04-2018,5455,"Murphy's (Stillwater, Oklahoma)"
29-11-2017,1901,Target
26-07-2017,6217,Burlington
01-09-2020,4137,Bargain Hunt
15-08-2018,98,Ross Stores
02-12-2018,-2429,Five Below
02-02-2017,-1824,Burlington
30-04-2019,3994,"Getz's (Marquette, Michigan)"
05-08-2017,679,"Young's Department Store (Middle River, Minnesota)"
12-11-2020,4330,Ollie's Bargain Outlet
29-06-2018,-2638,"La Epoca (Miami, Florida)"
12-05-2018,-3374,"Jos. Kuhn & Co. (Champaign, Illinois)"
19-11-2018,5945,Stanley Korshak (Dallas)
27-11-2019,-3174,"Stahlke's (Mora, Minnesota)"
11-10-2019,1501,Fred Meyer
06-08-2019,-3586,"Halls (Kansas City, Missouri)"
31-01-2018,-1517,Ross Stores
23-01-2020,-1805,Nichols Stores (northern and western Louisiana)
11-07-2018,625,"Schroeder's (Two Rivers, Wisconsin)"
30-11-2019,5596,Dd's Discounts
07-06-2020,-2823,Renys
27-06-2020,848,"Schroeder's (Two Rivers, Wisconsin)"
08-06-2020,-361,Marshalls
29-04-2019,1139,Sam's Club
22-12-2020,5436,"Schroeder's (Two Rivers, Wisconsin)"
29-04-2020,5245,National Stores
02-07-2019,3081,Shirokiya (Honolulu)
08-07-2017,5778,"Stahlke's (Mora, Minnesota)"
11-12-2020,3149,"Neighborhood Goods (Plano, Austin in Texas; Chelsea Market, New York City)"
07-10-2017,4676,Burlington
09-10-2018,6002,The SM Store (Guam — part of a Philippine chain)
24-09-2020,968,Dollar Tree
07-09-2020,-2539,Burlington
17-11-2017,-2480,"Stahlke's (Mora, Minnesota)"
18-04-2020,3556,"Schroeder's (Two Rivers, Wisconsin)"
14-08-2017,1712,"Neilson's (Oxford, Mississippi)"
24-12-2017,4070,"Loeb's (Meridian, Mississippi)"
05-06-2017,-2088,The SM Store (Guam — part of a Philippine chain)
21-07-2019,5018,HomeSense
03-09-2020,4757,Christmas Tree Shops
26-03-2020,-1742,Shirokiya (Honolulu)
14-10-2020,-3761,"Gus Mayer (Birmingham, Alabama and Nashville, Tennessee)"
13-08-2020,841,BJ's Wholesale Club
25-12-2019,1096,Five Below
10-03-2018,745,"La Epoca (Miami, Florida)"
15-01-2019,3215,Five Below
28-02-2017,-4978,Costco
07-08-2020,1090,Burlington
25-06-2017,3931,"Wakefield's (Anniston, Alabama)"
10-06-2020,4853,Ross Stores
20-12-2018,4175,Boyds (Philadelphia)
30-10-2020,4350,"Fords Federated Store (Hamilton, Montana)"
02-08-2018,6945,Marshalls
08-01-2017,-129,Ocean State Job Lot
07-05-2017,-4095,Walmart
30-12-2020,-2771,Bargain Hunt
22-04-2017,-4048,Nichols Stores (northern and western Louisiana)
19-02-2018,2405,Ocean State Job Lot
25-07-2017,376,Tuesday Morning
29-10-2018,-793,Ocean State Job Lot
10-01-2019,-447,"Stahlke's (Mora, Minnesota)"
02-09-2019,6009,"Flemington Department Store (Flemington, New Jersey)"
08-05-2019,-27,Dd's Discounts
07-07-2019,-1936,Family Dollar
22-08-2020,-4550,"Tomah Cash Mercantile (Tomah, Wisconsin)"
09-07-2020,-3180,"Mack & Dave's Department Store (Huntington, West Virginia)"
23-07-2018,-4776,Dollar Tree
06-07-2019,-1217,"Gus Mayer (Birmingham, Alabama and Nashville, Tennessee)"
14-11-2020,-276,Gabe's
15-03-2019,1261,Costco
08-12-2018,4032,"Murphy's (Stillwater, Oklahoma)"
25-12-2017,2404,HomeGoods
14-05-2019,-1472,Dollar General
01-12-2018,2328,Sam's Club
24-02-2017,1142,Stanley Korshak (Dallas)
27-05-2018,1141,Big Lots
30-05-2019,-2166,"Leader Department Store (Cambridge, Minnesota)"
01-03-2018,5615,BJ's Wholesale Club
23-02-2018,3697,Tuesday Morning
07-10-2017,-2855,Bi-Mart
26-11-2017,-364,Gabe's
20-07-2017,5776,"Loeb's (Meridian, Mississippi)"
01-11-2020,6062,Dollar Tree
05-11-2017,2694,Tuesday Morning
26-08-2019,-1075,Dollar Tree
04-11-2020,-3122,"Halls (Kansas City, Missouri)"
01-09-2019,4117,"Rubensteins (formerly Rubenstein Brothers) (New Orleans, Louisiana)"
05-06-2019,2911,Ross Stores
31-01-2020,-3826,Dollar General
14-03-2017,1143,Gabe's
12-03-2020,3207,"Gus Mayer (Birmingham, Alabama and Nashville, Tennessee)"
19-11-2020,26,Five Below
10-06-2019,-2671,Meijer
12-04-2017,3550,Burlington
06-09-2017,5252,Tuesday Morning
16-11-2017,1130,Nichols Stores (northern and western Louisiana)
28-05-2019,844,Tuesday Morning
08-02-2020,-470,Harbor Freight Tools
12-06-2017,4439,Tuesday Morning
12-02-2018,-3987,"Murphy's (Stillwater, Oklahoma)"
03-10-2018,-1416,"Dunham's Department Store (Wellsboro, Pennsylvania)"
13-10-2017,4717,"LaVogue Department Store (Hoquiam, Washington)"
22-05-2018,5080,"Loeb's (Meridian, Mississippi)"
30-08-2020,3930,Big Lots
01-10-2020,-3131,Harbor Freight Tools
27-04-2019,-1360,Roses
29-07-2019,-4551,Dollar General
17-04-2020,-1289,"Mack & Dave's Department Store (Huntington, West Virginia)"
27-05-2017,-2642,The SM Store (Guam — part of a Philippine chain)
09-11-2019,-840,Fred Meyer
01-08-2018,-2102,Walmart
15-04-2019,-1687,Renys
05-04-2019,-3806,"Leader Department Store (Cambridge, Minnesota)"
28-04-2017,5926,"Ruben's (Augusta, Georgia)"
02-12-2019,5354,Stanley Korshak (Dallas)
14-01-2019,439,"LaVogue Department Store (Hoquiam, Washington)"
16-12-2020,3014,Meijer
10-07-2018,-2798,Gabe's
27-07-2020,-2225,"Wakefield's (Anniston, Alabama)"
19-10-2019,4291,Treasure Hunt
15-07-2018,-4242,"Rubensteins (formerly Rubenstein Brothers) (New Orleans, Louisiana)"
17-01-2020,4514,T.J. Maxx
05-01-2017,-2706,Costco
06-09-2020,353,T.J. Maxx
09-06-2019,726,The SM Store (Guam — part of a Philippine chain)
28-02-2019,-1877,Ben Franklin
23-07-2019,-534,HomeSense
23-09-2019,1631,"Schroeder's (Two Rivers, Wisconsin)"
21-07-2017,5919,"Tomah Cash Mercantile (Tomah, Wisconsin)"
20-08-2017,-2824,Nichols Stores (northern and western Louisiana)
02-08-2019,2972,Tuesday Morning
14-05-2017,3901,Tuesday Morning
18-12-2018,2475,Big Lots
05-10-2019,3237,Tuesday Morning
10-05-2020,2382,"Neighborhood Goods (Plano, Austin in Texas; Chelsea Market, New York City)"
06-01-2019,2276,Stanley Korshak (Dallas)
29-10-2020,-455,Harbor Freight Tools
17-08-2020,5902,Stanley Korshak (Dallas)
09-04-2020,2143,Dollar Tree
03-10-2019,-3065,"Rubensteins (formerly Rubenstein Brothers) (New Orleans, Louisiana)"
24-10-2018,4376,Big Lots
18-07-2018,-2275,Big Lots
29-06-2018,-119,Walmart
13-09-2017,6885,Gabe's
15-07-2018,-2884,"Wakefield's (Anniston, Alabama)"
29-12-2018,-4988,"Schroeder's (Two Rivers, Wisconsin)"
13-09-2019,-4521,HomeSense
11-01-2019,5089,"Loeb's (Meridian, Mississippi)"
09-02-2020,-224,Fred Meyer
02-08-2018,5292,Marshalls
20-09-2020,2831,"Flemington Department Store (Flemington, New Jersey)"
27-04-2018,-216,Walmart
22-05-2017,559,Boyds (Philadelphia)
20-05-2019,6029,"Gus Mayer (Birmingham, Alabama and Nashville, Tennessee)"
20-06-2018,4252,"Ruben's (Augusta, Georgia)"
16-07-2017,4853,"Scott Seale's Rask Fine Jewelry and MAX Clothing Stores (Denver, Colorado)"
16-01-2018,-4695,Dd's Discounts
23-09-2018,-1521,"Leader Department Store (Cambridge, Minnesota)"
15-08-2017,-78,Christmas Tree Shops
10-01-2018,-4874,Fred Meyer
20-03-2017,4803,Bargain Hunt
09-04-2018,1832,Ross Stores
06-10-2020,3566,Dollar General
01-08-2019,1148,"Reed's (Columbus, Starkville and Tupelo, Mississippi)"
09-12-2020,-976,Dd's Discounts
15-01-2017,-2022,Tuesday Morning
27-02-2018,-1973,"Neighborhood Goods (Plano, Austin in Texas; Chelsea Market, New York City)"
24-10-2020,-718,Boyds (Philadelphia)
15-12-2019,6973,"Loeb's (Meridian, Mississippi)"
25-04-2017,1876,Dirt Cheap
06-05-2020,5721,Big Lots
14-09-2018,-3525,"Halls (Kansas City, Missouri)"
09-11-2019,-2393,"Dunham's Department Store (Wellsboro, Pennsylvania)"
21-02-2017,-1318,Ocean State Job Lot
16-06-2020,336,Dollar General
14-10-2018,-4589,HomeGoods
04-05-2018,-1419,"Schroeder's (Two Rivers, Wisconsin)"
29-11-2019,5111,"McCaulou's Department Store (Lafayette, California)"
24-12-2018,1680,"Fords Federated Store (Hamilton, Montana)"
30-12-2020,4493,Sam's Club
05-12-2020,6577,Meijer
07-12-2018,125,"Reed's (Columbus, Starkville and Tupelo, Mississippi)"
20-06-2019,-3009,"Gus Mayer (Birmingham, Alabama and Nashville, Tennessee)"
20-03-2019,2538,Harbor Freight Tools
30-04-2018,1500,Renys
20-05-2018,73,"Schroeder's (Two Rivers, Wisconsin)"
29-12-2017,-565,Shirokiya (Honolulu)
28-02-2020,1268,"Halls (Kansas City, Missouri)"
27-05-2019,-2724,Five Below
26-01-2018,67,"Rubensteins (formerly Rubenstein Brothers) (New Orleans, Louisiana)"
26-07-2018,3884,Marshalls
01-09-2017,-1445,"Getz's (Marquette, Michigan)"
01-06-2018,5498,"Ruben's (Augusta, Georgia)"
30-06-2018,2169,Meijer
19-03-2017,5126,"Murphy's (Stillwater, Oklahoma)"
17-01-2020,4390,Christmas Tree Shops
14-08-2018,1829,Ben Franklin
08-10-2018,2651,Stanley Korshak (Dallas)
07-07-2018,-3020,"La Epoca (Miami, Florida)"
18-04-2018,-4621,Treasure Hunt
11-11-2019,2983,"Neighborhood Goods (Plano, Austin in Texas; Chelsea Market, New York City)"
20-08-2020,-262,BJ's Wholesale Club
01-08-2018,4504,"Wakefield's (Anniston, Alabama)"
09-11-2017,6702,Fred Meyer
11-03-2017,447,Nichols Stores (northern and western Louisiana)
09-03-2019,4793,"Jos. Kuhn & Co. (Champaign, Illinois)"
03-07-2019,-3552,Tuesday Morning
28-09-2017,4043,Bargain Hunt
13-01-2020,2416,National Stores
08-11-2017,5087,Target
10-02-2020,-3432,"Jos. Kuhn & Co. (Champaign, Illinois)"
08-08-2017,3704,Costco
21-08-2018,-1919,Meijer
20-10-2018,3792,Shirokiya (Honolulu)
16-04-2020,-928,"Gus Mayer (Birmingham, Alabama and Nashville, Tennessee)"
01-03-2020,-163,"Weaver's (Lawrence, Kansas)"
31-03-2018,1181,"Gus Mayer (Birmingham, Alabama and Nashville, Tennessee)"
12-02-2018,1645,"Jos. Kuhn & Co. (Champaign, Illinois)"
23-07-2019,-3436,"Jos. Kuhn & Co. (Champaign, Illinois)"
28-12-2017,612,Dd's Discounts
19-12-2017,862,"Weaver's (Lawrence, Kansas)"
24-08-2020,3711,Harbor Freight Tools
10-06-2020,-904,"La Epoca (Miami, Florida)"
22-08-2020,30,Dd's Discounts
09-04-2017,-4213,Bi-Mart
24-09-2017,-1648,Roses
12-06-2020,822,Costco
28-02-2020,4938,"Weaver's (Lawrence, Kansas)"
29-09-2017,-3075,Ross Stores
17-11-2019,5611,The SM Store (Guam — part of a Philippine chain)
03-06-2018,5276,Tuesday Morning
10-12-2018,5113,Dd's Discounts
24-04-2018,-2414,"Young's Department Store (Middle River, Minnesota)"
01-12-2019,-1379,"Flemington Department Store (Flemington, New Jersey)"
24-12-2019,1376,"Flemington Department Store (Flemington, New Jersey)"
09-06-2017,5058,"Jos. Kuhn & Co. (Champaign, Illinois)"
23-03-2018,366,Target
18-11-2018,-1958,Fred Meyer
25-01-2020,-1951,"Wakefield's (Anniston, Alabama)"
21-06-2020,2267,"Wakefield's (Anniston, Alabama)"
05-11-2019,-864,"Weaver's (Lawrence, Kansas)"
02-08-2018,4429,Walmart
08-05-2020,-4457,Dirt Cheap
22-11-2018,3912,"Weaver's (Lawrence, Kansas)"
12-05-2020,143,Dd's Discounts
19-05-2019,-4682,"Gus Mayer (Birmingham, Alabama and Nashville, Tennessee)"
12-01-2019,4733,"Mack & Dave's Department Store (Huntington, West Virginia)"
27-07-2017,6647,Ocean State Job Lot
05-01-2017,-2673,Ocean State Job Lot
02-01-2020,4996,"Halls (Kansas City, Missouri)"
02-07-2017,-3893,Tuesday Morning
09-07-2018,-631,"Neighborhood Goods (Plano, Austin in Texas; Chelsea Market, New York City)"
03-06-2017,5613,"Wakefield's (Anniston, Alabama)"
01-01-2020,-3146,"Jos. Kuhn & Co. (Champaign, Illinois)"
29-12-2020,-1561,Ben Franklin
04-06-2019,-1088,"Wakefield's (Anniston, Alabama)"
11-02-2019,4068,"Dunham's Department Store (Wellsboro, Pennsylvania)"
31-08-2018,6558,Bi-Mart
08-02-2020,755,Shirokiya (Honolulu)
23-04-2017,842,"LaVogue Department Store (Hoquiam, Washington)"
03-07-2017,1234,"Getz's (Marquette, Michigan)"
24-07-2017,3527,Big Lots
22-05-2018,1748,T.J. Maxx
18-08-2019,4336,"Weaver's (Lawrence, Kansas)"
22-11-2020,3218,Target
07-08-2017,2055,T.J. Maxx
04-10-2017,2975,"Young's Department Store (Middle River, Minnesota)"
18-08-2017,4298,"Young's Department Store (Middle River, Minnesota)"
10-12-2020,90,"Stahlke's (Mora, Minnesota)"
17-05-2018,-2536,"Neilson's (Oxford, Mississippi)"
17-02-2020,-1036,"Flemington Department Store (Flemington, New Jersey)"
12-10-2017,-3861,"Stahlke's (Mora, Minnesota)"
13-12-2019,-1807,"Jos. Kuhn & Co. (Champaign, Illinois)"
08-11-2017,-1157,BJ's Wholesale Club
01-10-2019,1543,"Weaver's (Lawrence, Kansas)"
07-08-2020,-4031,"La Epoca (Miami, Florida)"
31-12-2018,268,Bargain Hunt
03-07-2017,-2596,Ross Stores
21-05-2017,-1955,"Rubensteins (formerly Rubenstein Brothers) (New Orleans, Louisiana)"
07-07-2019,3511,"Wakefield's (Anniston, Alabama)"
26-05-2020,-3084,"David M. Brian (Walnut Creek and Greenbrae, California) owned by McCaulou's"
20-07-2019,5393,Roses
05-08-2020,-4622,Boyds (Philadelphia)
20-06-2019,-3859,"Tomah Cash Mercantile (Tomah, Wisconsin)"
01-09-2019,71,"Neighborhood Goods (Plano, Austin in Texas; Chelsea Market, New York City)"
01-03-2020,64,Burlington
22-10-2020,1534,Ross Stores
22-09-2020,3326,Ross Stores
07-07-2017,-4242,"Leader Department Store (Cambridge, Minnesota)"
18-05-2020,-426,Sam's Club
31-07-2020,-995,Bargain Hunt
14-02-2017,3763,Burlington
25-05-2020,-4573,Big Lots
24-02-2017,4130,Marshalls
30-01-2019,3258,Renys
30-01-2019,3859,"David M. Brian (Walnut Creek and Greenbrae, California) owned by McCaulou's"
03-12-2018,4888,"Weaver's (Lawrence, Kansas)"
28-05-2018,1615,"Mack & Dave's Department Store (Huntington, West Virginia)"
27-11-2017,-532,Treasure Hunt
09-11-2019,4855,Nichols Stores (northern and western Louisiana)
30-10-2020,5087,Roses
20-04-2020,-4444,"McCaulou's Department Store (Lafayette, California)"
29-05-2019,-4338,Walmart
18-11-2017,6766,Fred Meyer
29-03-2020,1748,Dirt Cheap
23-04-2017,-3478,"Ruben's (Augusta, Georgia)"
21-03-2019,-4520,"Stahlke's (Mora, Minnesota)"
24-04-2017,-1682,Five Below
01-01-2020,106,"Halls (Kansas City, Missouri)"
02-03-2017,-4213,"Neilson's (Oxford, Mississippi)"
13-11-2019,6183,HomeGoods
08-03-2018,1983,Gabe's
19-03-2019,-3313,"McCaulou's Department Store (Lafayette, California)"
26-02-2017,5084,Boyds (Philadelphia)
06-07-2018,3744,T.J. Maxx
19-08-2019,6372,Family Dollar
20-08-2017,4876,Boyds (Philadelphia)
01-02-2020,6074,Big Lots
08-08-2019,-2302,"Fords Federated Store (Hamilton, Montana)"
16-11-2018,-1607,Harbor Freight Tools
14-05-2020,499,Renys
19-04-2017,2958,"Mack & Dave's Department Store (Huntington, West Virginia)"
04-01-2017,3109,Harbor Freight Tools
08-06-2018,-3760,The SM Store (Guam — part of a Philippine chain)
07-07-2020,-2259,"Leader Department Store (Cambridge, Minnesota)"
21-03-2018,-2107,Tuesday Morning
30-12-2020,1839,"Fords Federated Store (Hamilton, Montana)"
22-01-2018,-3283,Sam's Club
16-04-2018,-3854,Nichols Stores (northern and western Louisiana)
19-05-2017,320,"Scott Seale's Rask Fine Jewelry and MAX Clothing Stores (Denver, Colorado)"
17-12-2017,2792,Boyds (Philadelphia)
12-10-2017,139,HomeGoods
23-07-2020,1277,Harbor Freight Tools
20-10-2018,1633,Dollar Tree
12-11-2020,-208,National Stores
02-01-2018,1760,"Fords Federated Store (Hamilton, Montana)"
26-08-2019,553,Costco
23-10-2017,3617,Roses
07-05-2020,-3325,Roses
12-08-2018,-2183,Sam's Club
28-03-2017,3533,Walmart
07-03-2017,-1158,"Gus Mayer (Birmingham, Alabama and Nashville, Tennessee)"
22-04-2018,2875,"Young's Department Store (Middle River, Minnesota)"
28-05-2017,-4331,"Gus Mayer (Birmingham, Alabama and Nashville, Tennessee)"
06-12-2020,-1551,"Stahlke's (Mora, Minnesota)"
02-09-2019,-3303,Dollar General
07-08-2017,5087,Big Lots
13-07-2020,2500,Gabe's
05-03-2020,5294,Treasure Hunt
03-09-2020,6187,"Fords Federated Store (Hamilton, Montana)"
01-07-2019,-3332,Costco
10-09-2019,2339,Family Dollar
19-10-2019,-3842,Stanley Korshak (Dallas)
30-12-2017,2427,Treasure Hunt
23-06-2017,3921,"Schroeder's (Two Rivers, Wisconsin)"
20-08-2019,-936,Five Below
22-01-2019,-3265,Stanley Korshak (Dallas)
17-08-2020,4641,"Scott Seale's Rask Fine Jewelry and MAX Clothing Stores (Denver, Colorado)"
22-03-2019,4834,Walmart
29-01-2020,-2466,Ocean State Job Lot
13-03-2018,3933,Dollar Tree
10-02-2020,5950,Dollar General
10-12-2017,-754,"Neighborhood Goods (Plano, Austin in Texas; Chelsea Market, New York City)"
28-02-2020,-3059,Shirokiya (Honolulu)
20-09-2019,-2102,"Mack & Dave's Department Store (Huntington, West Virginia)"
28-01-2019,-1185,Roses
12-01-2017,-4125,Nichols Stores (northern and western Louisiana)
14-06-2018,6127,"Fords Federated Store (Hamilton, Montana)"
04-11-2018,4936,Big Lots
02-05-2017,2738,Marshalls
20-12-2019,3761,Shirokiya (Honolulu)
17-12-2019,-3573,"Fords Federated Store (Hamilton, Montana)"
01-01-2019,-2872,"Murphy's (Stillwater, Oklahoma)"
18-08-2018,-47,Costco
23-09-2018,-718,Dollar Tree
21-08-2018,555,"Rubensteins (formerly Rubenstein Brothers) (New Orleans, Louisiana)"
12-03-2017,3592,"Halls (Kansas City, Missouri)"
30-12-2018,-48,HomeSense
28-05-2017,3634,HomeSense
15-08-2020,2350,"Dunham's Department Store (Wellsboro, Pennsylvania)"
18-10-2018,-852,"Schroeder's (Two Rivers, Wisconsin)"
08-11-2018,-640,Big Lots
09-01-2020,2321,Sam's Club
11-06-2017,-2602,Five Below
26-01-2018,4095,HomeSense
03-10-2017,1489,Dollar General
23-08-2020,6587,"Flemington Department Store (Flemington, New Jersey)"
23-08-2017,2644,Walmart
24-01-2020,-4002,Harbor Freight Tools
23-07-2017,1339,"Schroeder's (Two Rivers, Wisconsin)"
14-10-2018,515,Family Dollar
02-10-2017,1232,"LaVogue Department Store (Hoquiam, Washington)"
12-09-2018,3904,"LaVogue Department Store (Hoquiam, Washington)"
14-06-2019,5019,Roses
09-03-2017,-4675,Christmas Tree Shops
04-01-2020,686,"Halls (Kansas City, Missouri)"
13-11-2017,3910,Nichols Stores (northern and western Louisiana)
17-11-2020,4597,Dd's Discounts
25-10-2020,2251,"Murphy's (Stillwater, Oklahoma)"
08-11-2017,-3826,National Stores
25-04-2020,1940,"Gus Mayer (Birmingham, Alabama and Nashville, Tennessee)"
18-05-2020,4371,"Rubensteins (formerly Rubenstein Brothers) (New Orleans, Louisiana)"
05-06-2019,-711,"Dunham's Department Store (Wellsboro, Pennsylvania)"
21-10-2019,-1094,Dd's Discounts
06-09-2019,2390,Walmart
13-04-2017,3001,Renys
31-08-2017,5856,"Reed's (Columbus, Starkville and Tupelo, Mississippi)"
15-11-2020,-113,Burlington
30-01-2018,5757,Ocean State Job Lot
18-09-2020,-3073,"La Epoca (Miami, Florida)"
16-12-2020,1308,Renys
05-09-2019,-2641,Nichols Stores (northern and western Louisiana)
11-09-2020,-1727,Stanley Korshak (Dallas)
02-12-2019,3422,Five Below
17-12-2017,-3597,"LaVogue Department Store (Hoquiam, Washington)"
02-04-2019,3172,Dollar General
02-08-2017,-3624,Five Below
04-01-2019,-910,Walmart
05-08-2019,4708,Dollar General
01-01-2018,-4533,Walmart
03-06-2020,5933,Shirokiya (Honolulu)
02-06-2020,-2841,Tuesday Morning
08-05-2019,-3598,Shirokiya (Honolulu)
20-09-2019,-3126,T.J. Maxx
24-05-2019,2062,Boyds (Philadelphia)
15-08-2018,-908,"David M. Brian (Walnut Creek and Greenbrae, California) owned by McCaulou's"
15-01-2018,-2581,Ollie's Bargain Outlet
20-12-2017,74,"Reed's (Columbus, Starkville and Tupelo, Mississippi)"
25-08-2020,82,BJ's Wholesale Club
21-11-2019,-166,Stanley Korshak (Dallas)
13-03-2017,5610,Stanley Korshak (Dallas)
20-06-2017,777,"McCaulou's Department Store (Lafayette, California)"
13-05-2020,2117,Five Below
02-07-2018,6451,Ollie's Bargain Outlet
20-08-2018,1552,Bi-Mart
13-09-2018,3823,"Halls (Kansas City, Missouri)"
05-01-2020,4317,"Jos. Kuhn & Co. (Champaign, Illinois)"
09-12-2019,3792,"Reed's (Columbus, Starkville and Tupelo, Mississippi)"
19-10-2019,5825,"Schroeder's (Two Rivers, Wisconsin)"
07-09-2019,2431,Ross Stores
27-11-2020,-2144,Meijer
07-12-2019,4440,"Loeb's (Meridian, Mississippi)"
13-07-2017,-4533,"Ruben's (Augusta, Georgia)"
18-05-2019,1956,"David M. Brian (Walnut Creek and Greenbrae, California) owned by McCaulou's"
09-10-2020,300,National Stores
09-09-2017,6043,Walmart
25-11-2018,3965,Meijer
28-01-2018,6694,"Reed's (Columbus, Starkville and Tupelo, Mississippi)"
08-06-2019,1171,Ollie's Bargain Outlet
12-01-2018,-3004,"Reed's (Columbus, Starkville and Tupelo, Mississippi)"
18-07-2018,2406,Dollar General
05-05-2019,-3090,Treasure Hunt
16-12-2018,5926,Family Dollar
27-01-2018,-2429,Treasure Hunt
24-09-2017,988,HomeGoods
23-02-2019,2570,Harbor Freight Tools
15-10-2018,-159,Boyds (Philadelphia)
24-08-2020,4092,Walmart
24-12-2020,1089,"Getz's (Marquette, Michigan)"
30-12-2017,1589,Nichols Stores (northern and western Louisiana)
19-03-2020,-1148,Ollie's Bargain Outlet
30-04-2018,196,Boyds (Philadelphia)
17-07-2020,3117,Walmart
21-08-2017,-344,"Young's Department Store (Middle River, Minnesota)"
29-03-2017,3711,Harbor Freight Tools
14-04-2019,863,"Schroeder's (Two Rivers, Wisconsin)"
25-01-2019,-2832,Dollar Tree
02-06-2018,-3714,Bargain Hunt
16-08-2020,-67,Dollar Tree
27-05-2019,-1635,"LaVogue Department Store (Hoquiam, Washington)"
15-10-2019,-2573,Ross Stores
12-10-2018,3106,Ocean State Job Lot
27-09-2019,877,The SM Store (Guam — part of a Philippine chain)
26-01-2019,-1866,"Young's Department Store (Middle River, Minnesota)"
02-05-2020,-1815,"Rubensteins (formerly Rubenstein Brothers) (New Orleans, Louisiana)"
24-11-2018,-781,HomeSense
03-02-2018,3353,"Reed's (Columbus, Starkville and Tupelo, Mississippi)"
20-05-2019,1546,Family Dollar
04-03-2020,4142,BJ's Wholesale Club
28-05-2019,-2826,"Loeb's (Meridian, Mississippi)"
29-12-2018,-3265,Stanley Korshak (Dallas)
03-05-2019,-2370,"Reed's (Columbus, Starkville and Tupelo, Mississippi)"
20-03-2019,4118,Ben Franklin
17-08-2020,5455,Walmart
20-05-2018,-3162,Renys
23-04-2017,-970,"Schroeder's (Two Rivers, Wisconsin)"
09-08-2017,766,National Stores
10-09-2020,529,"Rubensteins (formerly Rubenstein Brothers) (New Orleans, Louisiana)"
30-12-2017,2699,"Schroeder's (Two Rivers, Wisconsin)"
23-05-2017,-4188,"Halls (Kansas City, Missouri)"
09-06-2018,1279,Meijer
29-11-2019,277,Walmart
16-06-2020,-3832,Costco
21-07-2018,-4149,The SM Store (Guam — part of a Philippine chain)
16-02-2020,-4126,Bargain Hunt
17-10-2017,-120,National Stores
09-04-2019,5035,Dollar Tree
02-03-2019,-4252,"Rubensteins (formerly Rubenstein Brothers) (New Orleans, Louisiana)"
19-06-2018,-2597,Shirokiya (Honolulu)
24-06-2020,-3425,Fred Meyer
01-11-2019,6287,"McCaulou's Department Store (Lafayette, California)"
15-07-2018,3501,"Dunham's Department Store (Wellsboro, Pennsylvania)"
01-11-2020,-3531,Dollar General
05-10-2019,2455,"Rubensteins (formerly Rubenstein Brothers) (New Orleans, Louisiana)"
05-01-2019,5274,Bargain Hunt
21-12-2017,-4962,Costco
02-11-2020,-1693,"Neighborhood Goods (Plano, Austin in Texas; Chelsea Market, New York City)"
11-04-2019,5371,Walmart
16-09-2017,7000,Boyds (Philadelphia)
16-07-2018,200,Target
17-06-2017,3719,"Jos. Kuhn & Co. (Champaign, Illinois)"
14-12-2020,-686,Shirokiya (Honolulu)
01-06-2019,-1890,Treasure Hunt
04-01-2020,-3020,Dollar General
03-04-2019,2641,"Loeb's (Meridian, Mississippi)"
11-06-2019,5162,Target
02-09-2019,3782,Nichols Stores (northern and western Louisiana)
30-08-2019,-37,"David M. Brian (Walnut Creek and Greenbrae, California) owned by McCaulou's"
25-10-2019,-3598,"Dunham's Department Store (Wellsboro, Pennsylvania)"
30-06-2019,-3751,Costco
23-06-2019,1885,"Halls (Kansas City, Missouri)"
04-08-2017,6325,BJ's Wholesale Club
22-12-2020,1359,Nichols Stores (northern and western Louisiana)
09-10-2019,2400,"Schroeder's (Two Rivers, Wisconsin)"
21-04-2018,1230,"Neilson's (Oxford, Mississippi)"
11-05-2018,6542,"Schroeder's (Two Rivers, Wisconsin)"
06-10-2019,-510,Marshalls
14-08-2019,5639,"Jos. Kuhn & Co. (Champaign, Illinois)"
27-11-2017,2228,HomeGoods
04-11-2018,4686,"Halls (Kansas City, Missouri)"
05-08-2018,-3728,"Jos. Kuhn & Co. (Champaign, Illinois)"
22-11-2020,5658,Family Dollar
31-12-2020,-4359,"Dunham's Department Store (Wellsboro, Pennsylvania)"
28-08-2020,-2266,Costco
21-02-2019,42,"Scott Seale's Rask Fine Jewelry and MAX Clothing Stores (Denver, Colorado)"
09-12-2019,-3928,Fred Meyer
26-10-2020,-2728,National Stores
22-12-2017,1532,"Young's Department Store (Middle River, Minnesota)"
03-05-2018,-4889,Fred Meyer
03-09-2019,-2431,"Jos. Kuhn & Co. (Champaign, Illinois)"
23-04-2018,2473,"David M. Brian (Walnut Creek and Greenbrae, California) owned by McCaulou's"
22-03-2017,-4112,"Weaver's (Lawrence, Kansas)"
22-04-2020,-212,Renys
12-11-2019,5597,"Scott Seale's Rask Fine Jewelry and MAX Clothing Stores (Denver, Colorado)"
15-11-2018,-4038,Costco
23-02-2018,-4895,Ben Franklin
21-12-2019,6419,Treasure Hunt
29-05-2017,477,"McCaulou's Department Store (Lafayette, California)"
24-01-2020,-4910,Marshalls
06-09-2018,3312,T.J. Maxx
17-03-2018,-2611,T.J. Maxx
28-07-2017,-4883,Sam's Club
19-06-2020,-3928,Harbor Freight Tools
21-03-2018,5270,"Ruben's (Augusta, Georgia)"
10-06-2018,-3396,"Tomah Cash Mercantile (Tomah, Wisconsin)"
12-07-2018,2521,Walmart
22-06-2020,5176,Tuesday Morning
05-02-2018,6594,National Stores
04-09-2019,-1704,"Reed's (Columbus, Starkville and Tupelo, Mississippi)"
09-10-2019,4146,Burlington
25-01-2018,-3278,Dollar General
22-11-2017,4386,Boyds (Philadelphia)
23-08-2019,-2610,"Stahlke's (Mora, Minnesota)"
07-02-2018,1995,Renys
22-02-2020,1873,Boyds (Philadelphia)
06-05-2017,4017,"Loeb's (Meridian, Mississippi)"
15-04-2017,-268,"Tomah Cash Mercantile (Tomah, Wisconsin)"
29-04-2018,3851,Treasure Hunt
11-09-2018,1892,"Ruben's (Augusta, Georgia)"
18-10-2019,-392,T.J. Maxx
13-12-2020,-1226,"Reed's (Columbus, Starkville and Tupelo, Mississippi)"
19-11-2017,5924,"Neilson's (Oxford, Mississippi)"
14-07-2019,6906,"Reed's (Columbus, Starkville and Tupelo, Mississippi)"
18-01-2020,1256,"Young's Department Store (Middle River, Minnesota)"
11-09-2020,4616,"Weaver's (Lawrence, Kansas)"
20-02-2017,4517,"McCaulou's Department Store (Lafayette, California)"
07-06-2018,2230,"Getz's (Marquette, Michigan)"
20-04-2020,-3681,"Flemington Department Store (Flemington, New Jersey)"
04-09-2017,-1702,Burlington
28-12-2020,5429,Big Lots
26-03-2018,3245,Family Dollar
01-07-2019,-4840,Renys
06-07-2020,-3357,"Weaver's (Lawrence, Kansas)"
29-07-2019,3050,"Flemington Department Store (Flemington, New Jersey)"
10-03-2020,-2269,"LaVogue Department Store (Hoquiam, Washington)"
09-07-2019,5033,"Jos. Kuhn & Co. (Champaign, Illinois)"
17-11-2018,4,HomeSense
28-07-2017,699,Shirokiya (Honolulu)
11-06-2019,-1095,"Stahlke's (Mora, Minnesota)"
18-12-2019,3930,Gabe's
01-01-2017,1264,Fred Meyer
30-12-2019,72,"Getz's (Marquette, Michigan)"
27-07-2017,2010,"Leader Department Store (Cambridge, Minnesota)"
29-11-2018,1155,Treasure Hunt
13-08-2019,6337,Sam's Club
06-07-2020,-1978,"Halls (Kansas City, Missouri)"